DELETE FROM ChoreAssignment WHERE MemberId < 0;
DELETE FROM Chore WHERE SuiteId < 0;

DELETE FROM Grocery WHERE SuiteId < 0;

DELETE FROM PSA WHERE SuiteId < 0;

DELETE FROM Invitation WHERE SuiteId < 0;
DELETE FROM SuiteMembership WHERE MemberId < 0 OR SuiteId < 0;
DELETE FROM Suite WHERE Id < 0;
DELETE FROM Member WHERE Id < 0;


INSERT INTO Member (id, email, password, name) VALUES
 (-1, 'a@a.aa', 'ed02457b5c41d964dbd2f2a609d63fe1bb7528dbe55e1abf5b52c249cd735797', 'a')
,(-2, 'b@b.bb', '4625fd63b0e96fc0d656ae7381605e48d4a0f63a319fc743adf22688613883c7', 'b')
,(-3, 'c@c.cc', '8c0e24f73bf5fe793dc45e5f90b5a9682c0cb345f524ddef77ab2859b9352d52', 'c')
,(-4, 'd@d.dd', 'c02d8e6211ef7dc5af42085cbb323a122b76905ac098467ea1f85465ec14429d', 'd')
,(-5, 'premade@pre.made', '6641bb064e4c38e91b46be7932479fae15abca7df6605834d0f60c3725c41bdd', 'Pre Made')
,(-6, 'suite@make.er', '74f11276b5ca0087b0c419de0e1d802c81d184b9d1349a50c5e1de6507089d18', 'Suite Creator')
,(-7, 'suite@join.er', '74f11276b5ca0087b0c419de0e1d802c81d184b9d1349a50c5e1de6507089d18', 'Suite Joiner')
,(-8, 'groc@e.ry', '74f11276b5ca0087b0c419de0e1d802c81d184b9d1349a50c5e1de6507089d18', 'Gross Erie')
,(-9, 'groc@del.ete', '74f11276b5ca0087b0c419de0e1d802c81d184b9d1349a50c5e1de6507089d18', 'Gross Erie')
,(-10, 'chore@delet.er', '74f11276b5ca0087b0c419de0e1d802c81d184b9d1349a50c5e1de6507089d18', 'Chorebro')
,(-11, 'chore@mark.er', '74f11276b5ca0087b0c419de0e1d802c81d184b9d1349a50c5e1de6507089d18', 'ab')
,(-12, 'chore2@mark.er', '74f11276b5ca0087b0c419de0e1d802c81d184b9d1349a50c5e1de6507089d18', 'ba')
,(-13, 'psa@view.er', '74f11276b5ca0087b0c419de0e1d802c81d184b9d1349a50c5e1de6507089d18', 'I see all')
,(-14, 'mad@g.uy', '74f11276b5ca0087b0c419de0e1d802c81d184b9d1349a50c5e1de6507089d18', 'Sad Face')
;

INSERT INTO Suite (id, name) VALUES
 (-1, 'C Suite')
,(-2, 'Test Suite')
,(-3, 'Test Suite Deux')
,(-4, 'Test Suite Troi')
,(-5, 'Chore Deletion Suite')
,(-6, 'Chore Mark Suite')
,(-7, 'PSA test Suite')
;

INSERT INTO SuiteMembership (memberid, suiteid) VALUES
 (-3, -1)
,(-4, -1)

,(-5, -2)

,(-8, -3)

,(-9, -4)

,(-10, -5)
,(-14, -5)

,(-11, -6)
,(-12, -6)

,(-13, -7)
;

INSERT INTO Invitation (email, suiteid) VALUES
 ('suite@join.er', -2)
;

INSERT INTO Grocery (suiteid, name, price, quantity) VALUES
 (-1, 'Anime Blurays', 69.99, 2)
,(-3, 'Anime Blurays', 69.99, 2)
,(-4, 'Banana (1 ton)', 12.34, 1)
;

INSERT INTO Chore (id, suiteid, name, description, currentturn) VALUES
 (-1, -1, 'Save the Queen', 'Be God', 0)
,(-2, -2, 'Trash', 'Take the trash out.', 0)
,(-3, -5, 'Bash', 'Take the bash out.', 0)
,(-4, -6, 'ABBA', 'Switchy Switch.', 0)
;

INSERT INTO ChoreAssignment (memberid, choreid, turn) VALUES
 (-3, -1, 0)
,(-5, -2, 0)
,(-10, -3, 0)
,(-11, -4, 0)
,(-12, -4, 1)
;

INSERT INTO PSA (suiteid, authorid, title, description, timestamp) VALUES
 (-7, -13, '', 'Ironic Post', TIMESTAMP '2222-02-22 22:22:22')
;